Label,# Samples,Average,Median,90% Line,95% Line,99% Line,Min,Max,Error %,Throughput,Received KB/sec,Sent KB/sec
Get HTTP Request CORS Proxy Sever,39727,22174,529,76794,144538,148269,200,215303,8.657%,92.96867,62.29,19.82
TOTAL,39727,22174,529,76794,144538,148269,200,215303,8.657%,92.96867,62.29,19.82
